{"displayName":"Metropolis","identifier":"default6","minVersion":"1.0.0","processors":[{"name":"vignette","parameters":{"color":{"a":229,"r":0,"g":0,"b":0},"shape":{"scaling":"stretch","vignetteScale":0.7},"blendMode":"overlay"}},{"name":"colorMatrixTransform","parameters":{"operations":[{"operation":"saturation","value":0}]}},{"name":"gamma","parameters":{"value":0.7}},{"name":"contrast","parameters":{"value":1.4}}],"preview":{"path":"/cdsv2/assets/com.aviary.effectpack.04/items.0fde5065-99b9-4652-89df-86cb1c84d5ab.preview.8c4e6c35-8c98-46cd-83f8-a4cde7dcc1d9.jpg","fingerprint":"d6addadb5f066d667c918841f8694ea1","path-100":"/cdsv2/assets/com.aviary.effectpack.04/items.0fde5065-99b9-4652-89df-86cb1c84d5ab.preview.8c4e6c35-8c98-46cd-83f8-a4cde7dcc1d9.100.jpg","fingerprint-100":"d49cb2974f577c7ee5097a47f312a087"},"largePreview":{"path":"/cdsv2/assets/com.aviary.effectpack.04/items.ba9754cb-1051-413b-a41e-209306bbc986.largePreview.71f0584d-4acf-4225-a548-602ee3bd6408.jpg","fingerprint":"e0c5fa46f253a5109dcb966188478922","path-392":"/cdsv2/assets/com.aviary.effectpack.04/items.ba9754cb-1051-413b-a41e-209306bbc986.largePreview.71f0584d-4acf-4225-a548-602ee3bd6408.392.jpg","fingerprint-392":"2f1a682005a1dce6353423f86831b186","path-262":"/cdsv2/assets/com.aviary.effectpack.04/items.ba9754cb-1051-413b-a41e-209306bbc986.largePreview.71f0584d-4acf-4225-a548-602ee3bd6408.262.jpg","fingerprint-262":"07452d29a1b915d387a38fb0614a4f36","path-341":"/cdsv2/assets/com.aviary.effectpack.04/items.ba9754cb-1051-413b-a41e-209306bbc986.largePreview.71f0584d-4acf-4225-a548-602ee3bd6408.341.jpg","fingerprint-341":"420a7516260028e183e0ac122e1fc776","path-227":"/cdsv2/assets/com.aviary.effectpack.04/items.ba9754cb-1051-413b-a41e-209306bbc986.largePreview.71f0584d-4acf-4225-a548-602ee3bd6408.227.jpg","fingerprint-227":"d6ea7615c895e10ee698daef0bc08534","path-171":"/cdsv2/assets/com.aviary.effectpack.04/items.ba9754cb-1051-413b-a41e-209306bbc986.largePreview.71f0584d-4acf-4225-a548-602ee3bd6408.171.jpg","fingerprint-171":"07f515ff51d8458c6845828f118a77b8","path-114":"/cdsv2/assets/com.aviary.effectpack.04/items.ba9754cb-1051-413b-a41e-209306bbc986.largePreview.71f0584d-4acf-4225-a548-602ee3bd6408.114.jpg","fingerprint-114":"4a18cb93e9e7c7825c7950161e170fcf"}}