{"displayName":"Boardwalk","identifier":"default3","minVersion":"1.0.0","processors":[{"name":"colorMatrixTransform","parameters":{"operations":[{"operation":"saturation","value":0.25}]}},{"name":"vignette","parameters":{"color":{"a":255,"r":0,"g":0,"b":0},"shape":{"scaling":"stretch","shapeMode":"sharp","vignetteScale":0.8},"blendMode":"overlay"}},{"name":"blendWithColor","parameters":{"color":{"a":255,"r":78,"g":44,"b":11},"blendMode":"overlay","alpha":0.54}},{"name":"gamma","parameters":{"value":0.56}},{"name":"contrast","parameters":{"value":1.82}}],"preview":{"path":"/cdsv2/assets/com.aviary.effectpack.04/items.ea69ad11-a93b-4719-ab3d-2de143f70277.preview.c9c51ced-e35c-4a01-9270-4af44ae6c89f.jpg","fingerprint":"15239dfbee4b6cc624a24c41f858ae44","path-100":"/cdsv2/assets/com.aviary.effectpack.04/items.ea69ad11-a93b-4719-ab3d-2de143f70277.preview.c9c51ced-e35c-4a01-9270-4af44ae6c89f.100.jpg","fingerprint-100":"6295af060d79f9a7b3062183e97a0284"},"largePreview":{"path":"/cdsv2/assets/com.aviary.effectpack.04/items.8dfa0d61-2830-4fb3-9f6f-83b6a5903a4e.largePreview.a9cda9e0-fd64-41c4-966e-ec667a31a3eb.jpg","fingerprint":"82cf779b705e0360ebcb39526e758054","path-392":"/cdsv2/assets/com.aviary.effectpack.04/items.8dfa0d61-2830-4fb3-9f6f-83b6a5903a4e.largePreview.a9cda9e0-fd64-41c4-966e-ec667a31a3eb.392.jpg","fingerprint-392":"b73f12090afe595c5672c15d5ef5f300","path-262":"/cdsv2/assets/com.aviary.effectpack.04/items.8dfa0d61-2830-4fb3-9f6f-83b6a5903a4e.largePreview.a9cda9e0-fd64-41c4-966e-ec667a31a3eb.262.jpg","fingerprint-262":"fd545d5ab1a7b7d985f873943456739d","path-341":"/cdsv2/assets/com.aviary.effectpack.04/items.8dfa0d61-2830-4fb3-9f6f-83b6a5903a4e.largePreview.a9cda9e0-fd64-41c4-966e-ec667a31a3eb.341.jpg","fingerprint-341":"c289e3ab21b1c68d7f3b48b896dec187","path-227":"/cdsv2/assets/com.aviary.effectpack.04/items.8dfa0d61-2830-4fb3-9f6f-83b6a5903a4e.largePreview.a9cda9e0-fd64-41c4-966e-ec667a31a3eb.227.jpg","fingerprint-227":"6a09e6ea4d2cd1a247dfef66e48f4ece","path-171":"/cdsv2/assets/com.aviary.effectpack.04/items.8dfa0d61-2830-4fb3-9f6f-83b6a5903a4e.largePreview.a9cda9e0-fd64-41c4-966e-ec667a31a3eb.171.jpg","fingerprint-171":"e8bdd0d46883d8171ea4c97b62b67ba6","path-114":"/cdsv2/assets/com.aviary.effectpack.04/items.8dfa0d61-2830-4fb3-9f6f-83b6a5903a4e.largePreview.a9cda9e0-fd64-41c4-966e-ec667a31a3eb.114.jpg","fingerprint-114":"4c277f0c8165f67a4300367138bf1f53"}}