{"displayName":"Clyde","identifier":"default5","minVersion":"1.0.0","processors":[{"name":"blendWithColor","parameters":{"color":{"a":255,"r":251,"g":243,"b":213},"blendMode":"multiply","alpha":1}},{"name":"blendWithColor","parameters":{"color":{"a":255,"r":222,"g":128,"b":17},"blendMode":"multiply","alpha":0.07}},{"name":"vignette","parameters":{"color":{"a":17,"r":0,"g":0,"b":0},"shape":{"scaling":"stretch","shapeMode":"sharp","vignetteScale":0.75},"blendMode":"multiply"}},{"name":"vignette","parameters":{"color":{"a":255,"r":0,"g":0,"b":0},"shape":{"scaling":"stretch","vignetteScale":0.82},"blendMode":"overlay"}},{"name":"flare","parameters":{"fScale":1.6,"color":{"a":51,"r":255,"g":255,"b":255},"type":"blob2","dx":0,"dy":0,"dsx":1,"dsy":1,"blendMode":"normal"}},{"name":"gamma","parameters":{"value":1.2}},{"name":"colorMatrixTransform","parameters":{"operations":[{"operation":"saturation","value":0.83},{"operation":"brightness","value":1.25}]}}],"preview":{"path":"/cdsv2/assets/com.aviary.effectpack.04/items.83d32480-90b2-40e3-84b5-9284c19fefa8.preview.cb90d33a-cf7c-4d3a-89e5-bf5ca295c91f.jpg","fingerprint":"8a1fbeff6118f383040f4cb808a2fcdc","path-100":"/cdsv2/assets/com.aviary.effectpack.04/items.83d32480-90b2-40e3-84b5-9284c19fefa8.preview.cb90d33a-cf7c-4d3a-89e5-bf5ca295c91f.100.jpg","fingerprint-100":"a50af6bd515a2bb431225626c6c59336"},"largePreview":{"path":"/cdsv2/assets/com.aviary.effectpack.04/items.1b2a9236-03ae-462f-ac96-bf94428d9951.largePreview.40de8907-e37f-47db-bc5e-d0e23ef8a1a2.jpg","fingerprint":"d27ba46e87326adcefdfd71a41425003","path-392":"/cdsv2/assets/com.aviary.effectpack.04/items.1b2a9236-03ae-462f-ac96-bf94428d9951.largePreview.40de8907-e37f-47db-bc5e-d0e23ef8a1a2.392.jpg","fingerprint-392":"1614fa4c40c4634e33f5b42da6ef0e09","path-262":"/cdsv2/assets/com.aviary.effectpack.04/items.1b2a9236-03ae-462f-ac96-bf94428d9951.largePreview.40de8907-e37f-47db-bc5e-d0e23ef8a1a2.262.jpg","fingerprint-262":"d86c6b42fc20ac0156b4aa9bba098439","path-341":"/cdsv2/assets/com.aviary.effectpack.04/items.1b2a9236-03ae-462f-ac96-bf94428d9951.largePreview.40de8907-e37f-47db-bc5e-d0e23ef8a1a2.341.jpg","fingerprint-341":"f21609f99884a053ea9a164221848826","path-227":"/cdsv2/assets/com.aviary.effectpack.04/items.1b2a9236-03ae-462f-ac96-bf94428d9951.largePreview.40de8907-e37f-47db-bc5e-d0e23ef8a1a2.227.jpg","fingerprint-227":"746a9b03604b8bd8eea2f12e56b03793","path-171":"/cdsv2/assets/com.aviary.effectpack.04/items.1b2a9236-03ae-462f-ac96-bf94428d9951.largePreview.40de8907-e37f-47db-bc5e-d0e23ef8a1a2.171.jpg","fingerprint-171":"abcd21975e13e045193a84f0f91f535a","path-114":"/cdsv2/assets/com.aviary.effectpack.04/items.1b2a9236-03ae-462f-ac96-bf94428d9951.largePreview.40de8907-e37f-47db-bc5e-d0e23ef8a1a2.114.jpg","fingerprint-114":"daaaaca3cf8fadfc86474043781aaae4"}}